conc,run1
2.5,0.16877135
5,0.306975941
25,1.602114606
50,3.436757525
75,5.866065138
100,7.625947394
150,11.52358712
200,15.61165742