conc,run1
0,0
0,0
5,0.306975941
5,0.311111111
