conc,run1.rep1
1,0.50936214
1.5,0.739718842
2,1.008145718
2.5,1.242728604
3,1.535795659
4,2.094786175
5,2.500742207
6,3.065453686
8,4.153752205
10,5.34078272
1,0.50936214
1.5,0.739718842
2,1.008145718
2.5,1.242728604
3,1.535795659
4,2.094786175
5,2.500742207
6,3.065453686
8,4.153752205
10,5.34078272
