conc,run1,run2
1,0.463877702,0.45847554
1.5,0.672819785,0.674004067
2,0.926309054,0.881423488
2.5,1.155224152,1.077596867
3,1.371667586,1.342625
4,1.909969864,1.808982684
5,2.308745247,2.21972219
6,2.675136497,2.760301
8,3.636455594,3.816111169
10,4.554772667,4.908265213
