conc,run1.rep1,run1.rep2,run1.rep3
2,0.988877985,0.9888778,0.9888779
