conc,run1
1,0.463877702
1.5,0.672819785
2,0.926309054
2.5,1.155224152
3,1.371667586
4,1.909969864
5,2.308745247
6,2.675136497
8,3.636455594
10,4.554772667
